,Date,Close Price,Open Price,High Price,Low Price,Total Traded Quantity,Month,Year,Day_Perc_Change,Trend
0,2019-10-24,1780.78,1770.78,1787.97,1760.78,5.2,10,2019,0.0,Slight or No change
1,2019-10-23,1762.17,1761.3,1770.05,1742.0,2.19,10,2019,-0.01045047675737587,Slight or No change
2,2019-10-22,1765.73,1788.15,1789.78,1762.0,2.23,10,2019,0.002020236413058818,Slight or No change
3,2019-10-21,1785.66,1769.66,1785.88,1765.0,2.22,10,2019,0.011287116376796025,Slight or No change
4,2019-10-18,1757.51,1787.8,1793.98,1749.2,3.37,10,2019,-0.015764479240168994,Slight or No change
5,2019-10-17,1787.48,1796.49,1798.85,1782.02,2.71,10,2019,0.01705253455172384,Slight or No change
6,2019-10-16,1777.43,1773.33,1786.24,1770.52,2.8,10,2019,-0.0056224405308030745,Slight or No change
7,2019-10-15,1767.38,1742.14,1776.45,1740.62,3.13,10,2019,-0.005654231108960683,Slight or No change
8,2019-10-14,1736.43,1728.91,1741.89,1722.0,1.93,10,2019,-0.017511797123425654,Slight or No change
9,2019-10-11,1731.92,1742.92,1745.45,1729.86,3.28,10,2019,-0.0025972829310711987,Slight or No change
10,2019-10-10,1720.26,1725.24,1738.29,1713.75,2.72,10,2019,-0.006732412582567404,Slight or No change
11,2019-10-09,1721.99,1719.61,1729.95,1714.36,2.09,10,2019,0.001005661934823765,Slight or No change
12,2019-10-08,1705.51,1722.49,1727.0,1705.0,2.63,10,2019,-0.00957032270802971,Slight or No change
13,2019-10-07,1732.66,1731.63,1747.83,1723.7,2.19,10,2019,0.015918991973075558,Slight or No change
14,2019-10-04,1739.65,1726.02,1740.58,1719.23,2.49,10,2019,0.0040342594623294925,Slight or No change
15,2019-10-03,1724.42,1713.0,1725.0,1685.06,3.62,10,2019,-0.008754634552927354,Slight or No change
16,2019-10-02,1713.23,1727.74,1728.89,1705.0,3.34,10,2019,-0.006489138376961523,Slight or No change
17,2019-10-01,1735.65,1746.0,1755.6,1728.41,3.17,10,2019,0.013086392369967781,Slight or No change
18,2019-09-30,1735.91,1726.99,1737.46,1709.22,2.76,9,2019,0.00014979978682339024,Slight or No change
19,2019-09-27,1725.45,1748.0,1749.12,1713.82,3.95,9,2019,-0.006025658012224211,Slight or No change
20,2019-09-26,1739.84,1762.79,1763.37,1731.5,3.57,9,2019,0.00833985337158416,Slight or No change
21,2019-09-25,1768.33,1747.36,1773.0,1723.0,3.53,9,2019,0.016375068971859585,Slight or No change
22,2019-09-24,1741.61,1790.61,1795.7,1735.55,4.64,9,2019,-0.01511030181018247,Slight or No change
23,2019-09-23,1785.3,1777.0,1792.7,1767.32,3.14,9,2019,0.02508598365879844,Slight or No change
24,2019-09-20,1794.16,1821.71,1830.63,1780.92,5.56,9,2019,0.004962751358315254,Slight or No change
25,2019-09-19,1821.5,1821.02,1832.57,1817.9,2.08,9,2019,0.015238328800107004,Slight or No change
26,2019-09-18,1817.46,1817.04,1822.06,1795.5,2.54,9,2019,-0.0022179522371671423,Slight or No change
27,2019-09-17,1822.55,1807.08,1823.99,1804.1,2.03,9,2019,0.0028006118429015903,Slight or No change
28,2019-09-16,1807.84,1824.02,1825.69,1800.2,3.68,9,2019,-0.008071109160242562,Slight or No change
29,2019-09-13,1839.34,1842.01,1846.12,1835.17,1.97,9,2019,0.01742410832817054,Slight or No change
30,2019-09-12,1843.55,1837.63,1853.66,1834.28,2.82,9,2019,0.0022888644839997863,Slight or No change
31,2019-09-11,1822.99,1812.14,1833.42,1809.08,2.43,9,2019,-0.011152396192129266,Slight or No change
32,2019-09-10,1820.55,1822.75,1825.81,1805.34,2.61,9,2019,-0.0013384604413628765,Slight or No change
33,2019-09-09,1831.35,1841.0,1850.0,1824.61,3.0,9,2019,0.005932273214138473,Slight or No change
34,2019-09-06,1833.51,1838.22,1840.65,1826.4,2.5,9,2019,0.0011794577770498638,Slight or No change
35,2019-09-05,1840.72,1821.95,1842.0,1815.58,3.33,9,2019,0.003932348337342129,Slight or No change
36,2019-09-04,1800.62,1805.0,1807.63,1796.23,2.33,9,2019,-0.02178495371376421,Slight or No change
37,2019-09-03,1789.84,1770.0,1800.8,1768.0,3.55,9,2019,-0.0059868267596716596,Slight or No change
38,2019-08-30,1776.29,1797.49,1799.74,1764.57,3.06,8,2019,-0.00757050909578505,Slight or No change
39,2019-08-29,1786.4,1783.0,1798.55,1777.25,3.02,8,2019,0.00569163818971008,Slight or No change
40,2019-08-28,1764.25,1755.0,1767.86,1744.05,2.42,8,2019,-0.012399238692342163,Slight or No change
41,2019-08-27,1761.83,1775.73,1779.4,1746.68,3.03,8,2019,-0.001371687685985612,Slight or No change
42,2019-08-26,1768.87,1766.91,1770.0,1743.51,3.09,8,2019,0.003995845229108452,Slight or No change
43,2019-08-23,1749.62,1793.03,1804.9,1745.23,5.28,8,2019,-0.010882653897686057,Slight or No change
44,2019-08-22,1805.6,1828.0,1829.41,1800.1,2.66,8,2019,0.03199551902698872,Slight or No change
45,2019-08-21,1823.54,1819.39,1829.58,1815.0,2.04,8,2019,0.009935755427558757,Slight or No change
46,2019-08-20,1801.38,1814.5,1816.82,1799.88,1.93,8,2019,-0.01215218750342728,Slight or No change
47,2019-08-19,1816.12,1818.08,1826.0,1812.61,2.82,8,2019,0.008182615550300198,Slight or No change
48,2019-08-16,1792.57,1792.89,1802.91,1784.55,3.05,8,2019,-0.012967204810254818,Slight or No change
49,2019-08-15,1776.12,1781.99,1788.0,1761.96,3.81,8,2019,-0.009176768550182124,Slight or No change
50,2019-08-14,1762.96,1793.01,1795.65,1757.21,4.89,8,2019,-0.0074094092741480155,Slight or No change
51,2019-08-13,1824.34,1783.0,1831.74,1780.0,4.08,8,2019,0.03481644506965553,Slight or No change
52,2019-08-12,1784.92,1795.99,1800.98,1777.0,2.91,8,2019,-0.021607814332854525,Slight or No change
53,2019-08-09,1807.58,1828.95,1831.09,1802.22,2.88,8,2019,0.012695246845797037,Slight or No change
54,2019-08-08,1832.89,1806.0,1834.26,1798.11,3.7,8,2019,0.01400214651633691,Slight or No change
55,2019-08-07,1793.4,1773.99,1798.93,1757.0,4.53,8,2019,-0.021545210023514727,Slight or No change
56,2019-08-06,1787.83,1792.23,1793.77,1753.4,5.07,8,2019,-0.003105832496933303,Slight or No change
57,2019-08-05,1765.13,1770.22,1788.67,1748.78,6.06,8,2019,-0.012696956645765978,Slight or No change
58,2019-08-02,1823.24,1845.07,1846.36,1808.02,4.96,8,2019,0.03292108796519222,Slight or No change
59,2019-08-01,1855.32,1871.72,1897.92,1844.01,4.71,8,2019,0.017595050569316095,Slight or No change
60,2019-07-31,1866.78,1898.11,1899.55,1849.44,4.47,7,2019,0.00617683202897612,Slight or No change
61,2019-07-30,1898.53,1891.12,1909.89,1883.48,2.91,7,2019,0.017007895949174623,Slight or No change
62,2019-07-29,1912.45,1930.0,1932.23,1890.54,4.49,7,2019,0.007331988433156189,Slight or No change
63,2019-07-26,1943.05,1942.0,1950.89,1924.51,4.93,7,2019,0.016000418311589826,Slight or No change
64,2019-07-25,1973.82,2001.0,2001.2,1972.72,4.14,7,2019,0.015835928051259662,Slight or No change
65,2019-07-24,2000.81,1969.3,2001.3,1965.87,2.63,7,2019,0.01367399256264501,Slight or No change
66,2019-07-23,1994.49,1995.99,1997.79,1973.13,2.7,7,2019,-0.003158720718109187,Slight or No change
67,2019-07-22,1985.63,1971.14,1989.0,1958.26,2.91,7,2019,-0.004442238366700213,Slight or No change
68,2019-07-19,1964.52,1991.21,1996.0,1962.23,3.19,7,2019,-0.010631386512089391,Slight or No change
69,2019-07-18,1977.9,1980.01,1987.5,1951.55,3.5,7,2019,0.006810824018080863,Slight or No change
70,2019-07-17,1992.03,2007.05,2012.0,1992.03,2.56,7,2019,0.007143940543000049,Slight or No change
71,2019-07-16,2009.9,2010.58,2026.32,2001.22,2.62,7,2019,0.008970748432503672,Slight or No change
72,2019-07-15,2020.99,2021.4,2022.9,2001.55,2.98,7,2019,0.005517687447136543,Slight or No change
73,2019-07-12,2011.0,2008.27,2017.0,2003.87,2.51,7,2019,-0.004943121935289119,Slight or No change
74,2019-07-11,2001.07,2025.62,2035.8,1995.3,4.32,7,2019,-0.004937841869716575,Slight or No change
75,2019-07-10,2017.41,1996.51,2024.94,1995.4,4.93,7,2019,0.008165631387207828,Slight or No change
76,2019-07-09,1988.3,1947.8,1990.01,1943.47,4.35,7,2019,-0.014429392141409147,Slight or No change
77,2019-07-08,1952.32,1934.12,1956.0,1928.25,2.88,7,2019,-0.018095860785595774,Slight or No change
78,2019-07-05,1942.91,1928.6,1945.9,1925.3,2.63,7,2019,-0.0048199065726929335,Slight or No change
79,2019-07-03,1939.0,1935.89,1941.59,1930.5,1.69,7,2019,-0.0020124452496513845,Slight or No change
80,2019-07-02,1934.31,1919.38,1934.79,1906.63,2.65,7,2019,-0.0024187725631769075,Slight or No change
81,2019-07-01,1922.19,1922.98,1929.82,1914.66,3.2,7,2019,-0.006265800207825967,Slight or No change
82,2019-06-28,1893.63,1909.1,1912.94,1884.0,3.04,6,2019,-0.014858052533828547,Slight or No change
83,2019-06-27,1904.28,1902.0,1911.24,1898.04,2.14,6,2019,0.005624118756039964,Slight or No change
84,2019-06-26,1897.83,1892.48,1903.8,1887.32,2.44,6,2019,-0.0033871069380553287,Slight or No change
85,2019-06-25,1878.27,1911.84,1916.38,1872.42,3.01,6,2019,-0.01030650795909005,Slight or No change
86,2019-06-24,1913.9,1912.66,1916.86,1901.3,2.28,6,2019,0.018969583712671767,Slight or No change
87,2019-06-21,1911.3,1916.1,1925.95,1907.58,3.93,6,2019,-0.001358482679345907,Slight or No change
88,2019-06-20,1918.19,1933.33,1935.2,1905.8,3.22,6,2019,0.00360487626223005,Slight or No change
89,2019-06-19,1908.79,1907.84,1919.58,1892.47,2.9,6,2019,-0.0049004530312430905,Slight or No change
90,2019-06-18,1901.37,1901.35,1921.67,1899.79,3.9,6,2019,-0.0038872793759398006,Slight or No change
91,2019-06-17,1886.03,1876.5,1895.69,1875.45,2.63,6,2019,-0.008067866853900041,Slight or No change
92,2019-06-14,1869.67,1864.0,1876.0,1859.0,2.85,6,2019,-0.008674305286766382,Slight or No change
93,2019-06-13,1870.3,1866.72,1883.09,1862.22,2.8,6,2019,0.00033695785887344343,Slight or No change
94,2019-06-12,1855.32,1853.98,1865.0,1844.38,2.68,6,2019,-0.008009410255039318,Slight or No change
95,2019-06-11,1863.7,1883.25,1893.7,1858.0,4.04,6,2019,0.004516741047366546,Slight or No change
96,2019-06-10,1860.63,1822.0,1884.87,1818.0,5.37,6,2019,-0.0016472608252400267,Slight or No change
97,2019-06-07,1804.03,1763.7,1806.25,1759.49,4.81,6,2019,-0.03041980404486655,Slight or No change
98,2019-06-06,1754.36,1737.71,1760.0,1726.13,3.69,6,2019,-0.027532801560949727,Slight or No change
99,2019-06-05,1738.5,1749.6,1752.0,1715.25,4.24,6,2019,-0.009040333796940137,Slight or No change
100,2019-06-04,1729.56,1699.24,1730.82,1680.89,5.68,6,2019,-0.0051423641069887616,Slight or No change
101,2019-06-03,1692.69,1760.01,1766.29,1672.0,9.1,6,2019,-0.0213175605356275,Slight or No change
102,2019-05-31,1775.07,1790.01,1795.59,1772.7,4.62,5,2019,0.048668096343689626,Slight or No change
103,2019-05-30,1816.32,1825.49,1829.47,1807.83,3.15,5,2019,0.02323852017103545,Slight or No change
104,2019-05-29,1819.19,1823.12,1830.0,1807.53,4.28,5,2019,0.001580118040873879,Slight or No change
105,2019-05-28,1836.43,1832.75,1849.27,1827.35,3.2,5,2019,0.009476745144817222,Slight or No change
106,2019-05-24,1823.28,1835.89,1841.76,1817.85,3.37,5,2019,-0.007160632313782722,Slight or No change
107,2019-05-23,1815.48,1836.59,1844.0,1804.2,4.42,5,2019,-0.004278004475450792,Slight or No change
108,2019-05-22,1859.68,1851.78,1871.48,1851.0,2.94,5,2019,0.024346178421133846,Slight or No change
109,2019-05-21,1857.52,1874.79,1879.0,1846.0,4.01,5,2019,-0.0011614901488428142,Slight or No change
110,2019-05-20,1858.97,1852.69,1867.78,1835.54,3.8,5,2019,0.00078061070674873,Slight or No change
111,2019-05-17,1869.0,1893.05,1910.53,1867.33,4.74,5,2019,0.00539546092728771,Slight or No change
112,2019-05-16,1907.57,1885.94,1917.51,1882.29,4.71,5,2019,0.02063670411985008,Slight or No change
113,2019-05-15,1871.15,1827.95,1874.43,1823.0,4.69,5,2019,-0.019092353098444592,Slight or No change
114,2019-05-14,1840.12,1839.5,1852.44,1815.75,4.63,5,2019,-0.016583384549608615,Slight or No change
115,2019-05-13,1822.68,1836.56,1846.54,1818.0,5.78,5,2019,-0.009477642762428462,Slight or No change
116,2019-05-10,1889.98,1898.0,1903.79,1856.0,5.72,5,2019,0.036923650887703774,Slight or No change
117,2019-05-09,1899.87,1900.0,1909.4,1876.0,5.31,5,2019,0.005232859606979945,Slight or No change
118,2019-05-08,1917.77,1918.87,1935.37,1910.0,4.08,5,2019,0.009421697274023977,Slight or No change
119,2019-05-07,1921.0,1939.99,1949.1,1903.38,5.9,5,2019,0.0016842478503678038,Slight or No change
120,2019-05-06,1950.55,1917.98,1959.0,1910.5,5.42,5,2019,0.015382613222280073,Slight or No change
121,2019-05-03,1962.46,1949.0,1964.4,1936.0,6.38,5,2019,0.006105970110994452,Slight or No change
122,2019-05-02,1900.82,1913.33,1921.55,1881.87,3.96,5,2019,-0.031409557392252596,Slight or No change
123,2019-05-01,1911.52,1933.09,1943.64,1910.55,3.12,5,2019,0.005629149524941868,Slight or No change
124,2019-04-30,1926.52,1930.1,1935.71,1906.95,3.51,4,2019,0.007847158282414002,Slight or No change
125,2019-04-29,1938.43,1949.0,1956.34,1934.09,4.02,4,2019,0.006182131511741407,Slight or No change
126,2019-04-26,1950.63,1929.0,1951.0,1898.0,8.43,4,2019,0.006293753192016194,Slight or No change
127,2019-04-25,1902.25,1917.0,1922.45,1900.31,6.1,4,2019,-0.024802243377780586,Slight or No change
128,2019-04-24,1901.75,1925.0,1929.69,1898.16,3.68,4,2019,-0.0002628466289920084,Slight or No change
129,2019-04-23,1923.77,1891.2,1929.26,1889.58,4.64,4,2019,0.011578808991718148,Slight or No change
130,2019-04-22,1887.31,1855.4,1888.42,1845.64,3.37,4,2019,-0.01895236956600843,Slight or No change
131,2019-04-18,1861.69,1868.79,1870.82,1859.48,2.75,4,2019,-0.013574876411400316,Slight or No change
132,2019-04-17,1864.82,1872.99,1876.47,1860.44,2.89,4,2019,0.001681268095117705,Slight or No change
133,2019-04-16,1863.04,1851.35,1869.77,1848.0,3.04,4,2019,-0.0009545157173346253,Slight or No change
134,2019-04-15,1844.87,1842.0,1846.85,1818.9,3.72,4,2019,-0.009752877018206818,Slight or No change
135,2019-04-12,1843.06,1848.4,1851.5,1841.3,3.11,4,2019,-0.0009810989392206038,Slight or No change
136,2019-04-11,1844.07,1848.7,1849.95,1840.31,2.65,4,2019,0.0005480016928369746,Slight or No change
137,2019-04-10,1847.33,1841.0,1848.0,1828.81,2.96,4,2019,0.0017678287700575446,Slight or No change
138,2019-04-09,1835.84,1845.49,1853.09,1831.78,3.71,4,2019,-0.0062197874770615336,Slight or No change
139,2019-04-08,1849.86,1833.23,1850.2,1825.11,3.75,4,2019,0.007636831096391905,Slight or No change
140,2019-04-05,1837.28,1829.0,1838.58,1825.19,3.64,4,2019,-0.0068005146335398114,Slight or No change
141,2019-04-04,1818.86,1820.65,1828.75,1804.2,3.62,4,2019,-0.010025690150657574,Slight or No change
142,2019-04-03,1820.7,1826.72,1830.0,1809.62,3.98,4,2019,0.0010116226647460813,Slight or No change
143,2019-04-02,1813.98,1811.02,1820.0,1805.12,3.45,4,2019,-0.0036908881199538834,Slight or No change
144,2019-04-01,1814.19,1800.11,1815.67,1798.73,4.24,4,2019,0.00011576753878217438,Slight or No change
145,2019-03-29,1780.75,1786.58,1792.86,1776.63,3.32,3,2019,-0.01843246848455793,Slight or No change
146,2019-03-28,1773.42,1770.0,1777.93,1753.47,3.04,3,2019,-0.004116243155973587,Slight or No change
147,2019-03-27,1765.7,1784.13,1787.5,1745.68,4.32,3,2019,-0.004353170709702203,Slight or No change
148,2019-03-26,1783.76,1793.0,1805.77,1773.36,4.87,3,2019,0.010228238092541142,Slight or No change
149,2019-03-25,1774.26,1757.79,1782.68,1747.5,5.1,3,2019,-0.0053258285868054145,Slight or No change
150,2019-03-22,1764.77,1810.17,1818.98,1763.11,6.36,3,2019,-0.005348708757453857,Slight or No change
151,2019-03-21,1819.26,1796.26,1823.75,1787.28,5.77,3,2019,0.030876544818871476,Slight or No change
152,2019-03-20,1797.27,1769.94,1799.5,1767.03,6.27,3,2019,-0.012087332211998314,Slight or No change
153,2019-03-19,1761.85,1753.51,1784.16,1753.51,6.36,3,2019,-0.019707667740517576,Slight or No change
154,2019-03-18,1742.15,1712.7,1750.0,1712.63,5.43,3,2019,-0.011181428611970246,Slight or No change
155,2019-03-15,1712.36,1703.0,1718.8,1693.13,7.55,3,2019,-0.017099560887409382,Slight or No change
156,2019-03-14,1686.22,1691.2,1702.0,1684.34,2.95,3,2019,-0.015265481557616312,Slight or No change
157,2019-03-13,1690.81,1683.0,1700.0,1679.35,3.55,3,2019,0.002722064736511154,Slight or No change
158,2019-03-12,1673.1,1669.0,1684.27,1660.98,3.61,3,2019,-0.010474269728709906,Slight or No change
159,2019-03-11,1670.62,1626.12,1672.29,1626.01,3.88,3,2019,-0.0014822784053553084,Slight or No change
160,2019-03-08,1620.8,1604.01,1622.72,1586.57,4.67,3,2019,-0.02982126396188234,Slight or No change
161,2019-03-07,1625.95,1667.37,1669.75,1620.51,4.96,3,2019,0.0031774432379072515,Slight or No change
162,2019-03-06,1668.95,1695.97,1697.75,1668.28,4.0,3,2019,0.02644607767766538,Slight or No change
163,2019-03-05,1692.43,1702.95,1707.8,1689.01,3.68,3,2019,0.014068725845591601,Slight or No change
164,2019-03-04,1696.17,1685.0,1709.43,1674.36,6.17,3,2019,0.0022098402888155455,Slight or No change
165,2019-03-01,1671.73,1655.13,1674.26,1651.0,4.97,3,2019,-0.014408933066850649,Slight or No change
166,2019-02-28,1639.83,1635.25,1651.77,1633.83,3.03,2,2019,-0.019082028796516215,Slight or No change
167,2019-02-27,1641.09,1628.18,1641.81,1615.1,3.15,2,2019,0.0007683723312781332,Slight or No change
168,2019-02-26,1636.4,1625.98,1639.99,1616.13,2.67,2,2019,-0.0028578566684336337,Slight or No change
169,2019-02-25,1633.0,1641.45,1654.6,1630.39,3.18,2,2019,-0.0020777316059643613,Slight or No change
170,2019-02-22,1631.56,1623.5,1634.94,1621.17,3.1,2,2019,-0.0008818126148193439,Slight or No change
171,2019-02-21,1619.44,1619.85,1623.56,1600.91,3.48,2,2019,-0.00742847336291641,Slight or No change
172,2019-02-20,1622.1,1630.0,1634.93,1610.12,3.34,2,2019,0.0016425431013189495,Slight or No change
173,2019-02-19,1627.58,1601.0,1634.0,1600.56,3.68,2,2019,0.0033783367239996753,Slight or No change
174,2019-02-15,1607.95,1627.86,1628.91,1604.5,4.34,2,2019,-0.01206085107951671,Slight or No change
175,2019-02-14,1622.65,1624.5,1637.9,1606.06,4.12,2,2019,0.009142075313287146,Slight or No change
176,2019-02-13,1640.0,1647.0,1656.38,1637.11,3.56,2,2019,0.01069238591193411,Slight or No change
177,2019-02-12,1638.01,1604.0,1639.39,1598.88,4.86,2,2019,-0.0012134146341463703,Slight or No change
178,2019-02-11,1591.0,1600.98,1609.29,1586.0,3.32,2,2019,-0.028699458489264362,Slight or No change
179,2019-02-08,1588.22,1586.0,1588.59,1566.76,5.66,2,2019,-0.0017473287240729052,Slight or No change
180,2019-02-07,1614.37,1625.0,1625.54,1592.91,4.63,2,2019,0.016464973366410174,Slight or No change
181,2019-02-06,1640.26,1670.75,1672.26,1633.34,3.94,2,2019,0.016037215755991596,Slight or No change
182,2019-02-05,1658.81,1643.34,1665.26,1642.5,4.45,2,2019,0.011309182690548925,Slight or No change
183,2019-02-04,1633.31,1623.0,1649.63,1613.5,4.93,2,2019,-0.01537246580379914,Slight or No change
184,2019-02-01,1626.23,1638.88,1673.06,1622.01,11.51,2,2019,-0.004334755802633872,Slight or No change
185,2019-01-31,1718.73,1692.85,1736.41,1679.08,10.91,1,2019,0.05688002312096074,Slight or No change
186,2019-01-30,1670.43,1623.0,1676.95,1619.68,5.78,1,2019,-0.02810214518859855,Slight or No change
187,2019-01-29,1593.88,1631.27,1632.38,1590.72,4.63,1,2019,-0.04582652370946405,Slight or No change
188,2019-01-28,1637.89,1643.59,1645.0,1614.09,4.84,1,2019,0.027611865385098078,Slight or No change
189,2019-01-25,1670.57,1670.5,1683.48,1661.61,4.96,1,2019,0.019952499862627926,Slight or No change
190,2019-01-24,1654.93,1641.07,1657.26,1631.78,4.09,1,2019,-0.009362074022638889,Slight or No change
191,2019-01-23,1640.02,1656.0,1657.43,1612.0,5.23,1,2019,-0.009009444508226938,Slight or No change
192,2019-01-22,1632.17,1681.0,1681.87,1610.2,6.42,1,2019,-0.004786526993573181,Slight or No change
193,2019-01-18,1696.2,1712.0,1716.2,1691.54,6.02,1,2019,0.03922998217097473,Slight or No change
194,2019-01-17,1693.22,1680.0,1700.17,1677.5,4.21,1,2019,-0.001756868293833258,Slight or No change
195,2019-01-16,1683.78,1684.22,1705.0,1675.88,6.37,1,2019,-0.0055751762913266445,Slight or No change
196,2019-01-15,1674.56,1632.0,1675.16,1626.01,6.0,1,2019,-0.005475774744919226,Slight or No change
197,2019-01-14,1617.21,1615.0,1648.2,1595.15,6.01,1,2019,-0.03424780240779657,Slight or No change
198,2019-01-11,1640.56,1640.55,1660.29,1636.22,4.69,1,2019,0.014438446460261822,Slight or No change
199,2019-01-10,1656.22,1641.01,1663.25,1621.62,6.51,1,2019,0.009545521041595562,Slight or No change
200,2019-01-09,1659.42,1652.98,1667.8,1641.4,6.35,1,2019,0.001932110468416015,Slight or No change
201,2019-01-08,1656.58,1664.69,1676.61,1616.61,8.88,1,2019,-0.0017114413469767609,Slight or No change
202,2019-01-07,1629.51,1602.31,1634.56,1589.18,7.99,1,2019,-0.016340895097127772,Slight or No change
203,2019-01-04,1575.39,1530.0,1594.0,1518.31,9.18,1,2019,-0.033212438094887387,Slight or No change
204,2019-01-03,1500.28,1520.01,1538.0,1497.11,6.98,1,2019,-0.04767708313496988,Slight or No change
205,2019-01-02,1539.13,1465.2,1553.36,1460.93,7.98,1,2019,0.025895166235636147,Slight or No change
206,2018-12-31,1501.97,1510.8,1520.76,1487.0,6.95,12,2018,-0.02414350964505929,Slight or No change
207,2018-12-28,1478.02,1473.35,1513.47,1449.0,8.83,12,2018,-0.015945724615005652,Slight or No change
208,2018-12-27,1461.64,1454.2,1469.0,1390.31,9.72,12,2018,-0.011082394013612773,Slight or No change
209,2018-12-26,1470.9,1368.89,1473.16,1363.01,10.41,12,2018,0.00633534933362534,Slight or No change
210,2018-12-24,1343.96,1346.0,1396.03,1307.0,7.22,12,2018,-0.08630090420830783,Slight or No change
211,2018-12-21,1377.45,1464.99,1480.0,1363.96,13.64,12,2018,0.024918896395726087,Slight or No change
212,2018-12-20,1460.83,1484.0,1509.5,1432.69,9.99,12,2018,0.060532142727503624,Slight or No change
213,2018-12-19,1495.08,1543.05,1584.53,1483.18,8.79,12,2018,0.023445575460525836,Slight or No change
214,2018-12-18,1551.48,1540.0,1567.55,1523.01,6.52,12,2018,0.037723733847018215,Slight or No change
215,2018-12-17,1520.91,1566.0,1576.13,1505.01,8.83,12,2018,-0.019703766725964855,Slight or No change
216,2018-12-14,1591.91,1638.0,1642.57,1585.0,6.37,12,2018,0.04668257819331845,Slight or No change
217,2018-12-13,1658.38,1680.0,1692.12,1641.5,5.27,12,2018,0.04175487307699566,Slight or No change
218,2018-12-12,1663.54,1669.0,1704.99,1660.27,6.6,12,2018,0.0031114702299834818,Slight or No change
219,2018-12-11,1643.24,1678.0,1679.47,1619.6,6.24,12,2018,-0.012202892626567374,Slight or No change
220,2018-12-10,1641.03,1623.84,1657.99,1590.87,7.49,12,2018,-0.0013449039702052579,Slight or No change
221,2018-12-07,1629.13,1705.07,1718.93,1625.46,7.58,12,2018,-0.007251543238088187,Slight or No change
222,2018-12-06,1699.19,1614.87,1701.05,1609.85,8.79,12,2018,0.04300454843996482,Slight or No change
223,2018-12-04,1668.4,1756.0,1770.34,1665.0,8.69,12,2018,-0.018120398542835092,Slight or No change
224,2018-12-03,1772.36,1769.46,1778.34,1730.0,6.86,12,2018,0.062311196355789855,Slight or No change
225,2018-11-30,1690.17,1679.5,1696.0,1666.5,5.76,11,2018,-0.04637319731882905,Slight or No change
226,2018-11-29,1673.57,1674.99,1689.99,1652.33,6.61,11,2018,-0.00982149724583925,Slight or No change
227,2018-11-28,1677.75,1613.92,1681.45,1601.21,8.46,11,2018,0.002497654714173958,Slight or No change
228,2018-11-27,1581.42,1575.99,1597.65,1558.01,5.78,11,2018,-0.057416182387125536,Slight or No change
229,2018-11-26,1581.33,1539.0,1584.81,1524.22,6.26,11,2018,-5.691087756587443e-05,Slight or No change
230,2018-11-23,1502.06,1517.0,1536.2,1501.81,2.71,11,2018,-0.05012868914141888,Slight or No change
231,2018-11-21,1516.73,1542.99,1550.0,1515.0,5.72,11,2018,0.009766587220217726,Slight or No change
232,2018-11-20,1495.46,1437.5,1534.75,1420.0,10.88,11,2018,-0.014023590223704918,Slight or No change
233,2018-11-19,1512.29,1577.01,1581.19,1503.36,7.79,11,2018,0.01125406229521353,Slight or No change
234,2018-11-16,1593.41,1587.5,1614.48,1573.12,6.07,11,2018,0.0536405054586091,Slight or No change
235,2018-11-15,1619.44,1581.01,1624.82,1546.51,8.43,11,2018,0.016336034040203007,Slight or No change
236,2018-11-14,1599.01,1656.32,1673.0,1597.07,6.49,11,2018,-0.01261547201501756,Slight or No change
237,2018-11-13,1631.17,1649.29,1677.06,1613.75,5.93,11,2018,0.02011244457508088,Slight or No change
238,2018-11-12,1636.85,1698.24,1708.55,1630.01,6.81,11,2018,0.003482163109914893,Slight or No change
239,2018-11-09,1712.43,1732.5,1743.92,1701.87,5.9,11,2018,0.046174053822891636,Slight or No change
240,2018-11-08,1754.91,1755.0,1784.0,1725.11,6.53,11,2018,0.024806853418825936,Slight or No change
241,2018-11-07,1755.49,1673.0,1759.23,1664.08,8.19,11,2018,0.00033050127926781414,Slight or No change
242,2018-11-06,1642.81,1618.35,1665.0,1614.55,4.26,11,2018,-0.06418720699064084,Slight or No change
243,2018-11-05,1627.8,1657.57,1658.09,1596.36,5.62,11,2018,-0.009136783925103975,Slight or No change
244,2018-11-02,1665.53,1678.59,1697.44,1651.83,6.96,11,2018,0.02317852316009339,Slight or No change
245,2018-11-01,1665.53,1623.53,1670.45,1598.44,8.14,11,2018,0.0,Slight or No change
246,2018-10-31,1598.01,1569.99,1623.91,1565.09,9.39,10,2018,-0.04053964803996324,Slight or No change
247,2018-10-30,1530.42,1486.16,1540.99,1476.36,12.46,10,2018,-0.04229635609289051,Slight or No change
248,2018-10-29,1538.88,1660.0,1665.74,1495.0,13.87,10,2018,0.0055278943035246275,Slight or No change
249,2018-10-26,1642.81,1649.59,1698.46,1603.0,14.96,10,2018,0.06753613017259297,Slight or No change
250,2018-10-25,1782.17,1703.34,1794.81,1692.01,10.29,10,2018,0.08483026034660135,Slight or No change
251,2018-10-24,1664.2,1773.7,1777.71,1656.56,6.93,10,2018,-0.06619458300835501,Slight or No change
252,2018-10-23,1768.7,1742.24,1776.34,1714.0,6.72,10,2018,0.06279293354164173,Slight or No change
253,2018-10-22,1789.3,1784.0,1809.5,1756.0,4.5,10,2018,0.011646972352575391,Slight or No change
254,2018-10-19,1764.03,1785.16,1809.1,1753.0,5.91,10,2018,-0.014122841334600067,Slight or No change
255,2018-10-18,1770.72,1821.49,1830.15,1767.87,5.87,10,2018,0.0037924525093111505,Slight or No change
256,2018-10-17,1831.73,1842.79,1845.0,1807.0,5.3,10,2018,0.03445491099665676,Slight or No change
257,2018-10-16,1819.96,1783.5,1823.88,1761.55,5.86,10,2018,-0.006425619496323143,Slight or No change
258,2018-10-15,1760.95,1795.0,1795.05,1734.23,6.44,10,2018,-0.032423789533835956,Slight or No change
259,2018-10-12,1788.61,1808.0,1808.95,1742.53,9.44,10,2018,0.01570743064822966,Slight or No change
260,2018-10-11,1719.36,1724.0,1755.4,1685.1,13.94,10,2018,-0.038717216162271306,Slight or No change
261,2018-10-10,1755.25,1857.89,1858.56,1754.41,10.99,10,2018,0.020874046156709625,Slight or No change
262,2018-10-09,1870.32,1859.99,1896.68,1852.32,4.77,10,2018,0.06555761287565876,Slight or No change
263,2018-10-08,1864.42,1874.0,1902.0,1830.66,7.39,10,2018,-0.0031545403995038024,Slight or No change
264,2018-10-05,1889.65,1917.99,1929.08,1862.83,6.82,10,2018,0.01353235858872992,Slight or No change
265,2018-10-04,1909.42,1949.0,1956.0,1896.57,7.26,10,2018,0.010462254914931357,Slight or No change
266,2018-10-03,1952.76,1981.7,1989.7,1949.81,5.25,10,2018,0.022697992060416228,Slight or No change
267,2018-10-02,1971.31,1999.99,2013.39,1965.77,5.4,10,2018,0.009499375243245511,Slight or No change
268,2018-10-01,2004.36,2021.99,2033.19,2003.6,3.47,10,2018,0.016765501113472636,Slight or No change
269,2018-09-28,2003.0,2004.41,2026.52,1996.46,4.09,9,2018,-0.0006785208246022911,Slight or No change
270,2018-09-27,2012.98,1993.24,2016.16,1988.58,4.33,9,2018,0.004982526210683957,Slight or No change
271,2018-09-26,1974.85,1968.5,1995.25,1961.52,4.31,9,2018,-0.018942065991713886,Slight or No change
272,2018-09-25,1974.55,1942.9,1975.91,1938.85,4.54,9,2018,-0.00015191027166616689,Slight or No change
273,2018-09-24,1934.36,1903.79,1936.88,1865.0,4.21,9,2018,-0.02035400470993398,Slight or No change
274,2018-09-21,1915.01,1954.22,1957.31,1910.5,6.86,9,2018,-0.010003308587853255,Slight or No change
275,2018-09-20,1944.3,1938.58,1955.0,1932.25,3.15,9,2018,0.015294959295251598,Slight or No change
276,2018-09-19,1926.42,1940.5,1940.83,1904.9,4.06,9,2018,-0.009196111711155641,Slight or No change
277,2018-09-18,1941.05,1918.65,1958.2,1915.44,4.27,9,2018,0.007594397898692762,Slight or No change
278,2018-09-17,1908.03,1954.73,1956.82,1887.41,7.05,9,2018,-0.017011411349527328,Slight or No change
279,2018-09-14,1970.19,1992.93,1993.65,1959.22,3.64,9,2018,0.032578104117859885,Slight or No change
280,2018-09-13,1989.87,2000.0,2008.76,1982.03,3.62,9,2018,0.009988884320801361,Slight or No change
281,2018-09-12,1990.0,1994.0,2000.0,1962.44,4.41,9,2018,6.533090101368266e-05,Slight or No change
282,2018-09-11,1987.15,1928.27,1988.88,1917.0,5.03,9,2018,-0.0014321608040200884,Slight or No change
283,2018-09-10,1939.01,1971.0,1973.04,1931.52,4.54,9,2018,-0.024225649799964777,Slight or No change
284,2018-09-07,1952.07,1938.71,1975.2,1937.35,4.89,9,2018,0.006735395897906615,Slight or No change
285,2018-09-06,1958.31,2006.51,2007.5,1935.21,7.49,9,2018,0.0031966066790638514,Slight or No change
286,2018-09-05,1994.82,2038.11,2040.38,1989.89,8.22,9,2018,0.01864362639214434,Slight or No change
287,2018-09-04,2039.51,2026.5,2050.5,2013.0,5.72,9,2018,0.0224030238317241,Slight or No change
288,2018-08-31,2012.71,2007.0,2022.38,2004.74,4.2,8,2018,-0.013140411177194555,Slight or No change
289,2018-08-30,2002.38,1997.42,2025.57,1986.9,7.28,8,2018,-0.005132383701576426,Slight or No change
290,2018-08-29,1998.1,1953.45,1998.69,1948.94,6.53,8,2018,-0.0021374564268521468,Slight or No change
291,2018-08-28,1932.82,1937.73,1941.78,1928.82,3.1,8,2018,-0.03267103748561129,Slight or No change
292,2018-08-27,1927.68,1915.0,1927.7,1909.28,3.57,8,2018,-0.002659326786767502,Slight or No change
293,2018-08-24,1905.39,1910.51,1916.01,1902.54,2.8,8,2018,-0.011563122509960166,Slight or No change
294,2018-08-23,1902.9,1907.17,1919.5,1900.76,3.56,8,2018,-0.0013068190764095045,Slight or No change
295,2018-08-22,1904.9,1876.64,1905.8,1876.64,3.08,8,2018,0.001051027379263214,Slight or No change
296,2018-08-21,1883.42,1880.0,1897.75,1874.4,3.11,8,2018,-0.011276182476770424,Slight or No change
297,2018-08-20,1876.71,1890.57,1891.75,1866.06,2.86,8,2018,-0.003562667912627049,Slight or No change
298,2018-08-17,1882.22,1885.8,1888.0,1855.55,4.1,8,2018,0.0029359890446578607,Slight or No change
299,2018-08-16,1886.52,1903.94,1905.0,1883.55,3.96,8,2018,0.0022845363453793954,Slight or No change
300,2018-08-15,1882.62,1909.55,1916.21,1869.79,7.7,8,2018,-0.002067298517905991,Slight or No change
301,2018-08-14,1919.65,1919.39,1921.01,1900.0,3.99,8,2018,0.01966939690431424,Slight or No change
302,2018-08-13,1896.2,1898.5,1925.0,1893.67,5.53,8,2018,-0.01221576849946604,Slight or No change
303,2018-08-10,1886.3,1888.51,1899.5,1878.21,3.64,8,2018,-0.0052209682522941225,Slight or No change
304,2018-08-09,1898.52,1882.0,1914.57,1877.48,4.86,8,2018,0.006478290833907607,Slight or No change
305,2018-08-08,1886.52,1861.0,1891.51,1854.5,3.96,8,2018,-0.006320712976423781,Slight or No change
306,2018-08-07,1862.48,1854.53,1869.72,1846.27,3.38,8,2018,-0.012743040094989722,Slight or No change
307,2018-08-06,1847.75,1825.81,1847.77,1818.92,3.39,8,2018,-0.007908809759030966,Slight or No change
308,2018-08-03,1823.29,1837.74,1841.0,1821.5,3.46,8,2018,-0.013237721553240434,Slight or No change
309,2018-08-02,1834.33,1788.77,1836.56,1786.0,4.35,8,2018,0.006054988509781811,Slight or No change
310,2018-08-01,1797.17,1784.0,1798.44,1776.02,4.15,8,2018,-0.020258077881297187,Slight or No change
311,2018-07-31,1777.44,1786.49,1801.83,1739.32,5.74,7,2018,-0.010978371550827148,Slight or No change
312,2018-07-30,1779.22,1827.33,1829.5,1766.02,6.56,7,2018,0.00100144027365201,Slight or No change
313,2018-07-27,1817.27,1876.05,1880.05,1806.53,9.68,7,2018,0.021385775789390937,Slight or No change
314,2018-07-26,1808.0,1839.0,1844.68,1804.5,9.92,7,2018,-0.005101058180677631,Slight or No change
315,2018-07-25,1863.61,1829.3,1863.84,1822.64,3.84,7,2018,0.03075774336283188,Slight or No change
316,2018-07-24,1829.24,1829.01,1840.0,1809.38,4.28,7,2018,-0.018442699921120798,Slight or No change
317,2018-07-23,1802.0,1812.21,1819.0,1769.99,3.89,7,2018,-0.01489143032078899,Slight or No change
318,2018-07-20,1813.7,1825.01,1834.84,1810.06,3.89,7,2018,0.0064927857935628275,Slight or No change
319,2018-07-19,1812.97,1829.46,1841.0,1811.27,4.68,7,2018,-0.00040249214313281545,Slight or No change
320,2018-07-18,1842.92,1848.0,1858.88,1831.27,4.86,7,2018,0.01651985416195534,Slight or No change
321,2018-07-17,1843.93,1811.56,1851.69,1797.38,5.68,7,2018,0.0005480433225533154,Slight or No change
322,2018-07-16,1822.49,1821.95,1841.95,1814.45,5.47,7,2018,-0.01162733943262495,Slight or No change
323,2018-07-13,1813.03,1803.93,1815.3,1795.22,4.39,7,2018,-0.005190700634845724,Slight or No change
324,2018-07-12,1796.62,1764.51,1798.0,1762.18,4.53,7,2018,-0.009051146423390777,Slight or No change
325,2018-07-11,1755.0,1737.99,1756.96,1734.0,3.21,7,2018,-0.023165722300764746,Slight or No change
326,2018-07-10,1743.07,1738.53,1750.0,1731.0,3.0,7,2018,-0.006797720797720785,Slight or No change
327,2018-07-09,1739.02,1724.05,1739.56,1716.23,3.01,7,2018,-0.0023234867217036825,Slight or No change
328,2018-07-06,1710.63,1696.0,1715.27,1691.67,2.65,7,2018,-0.016325286655702542,Slight or No change
329,2018-07-05,1699.73,1705.38,1710.69,1682.15,2.98,7,2018,-0.006371921455837981,Slight or No change
330,2018-07-03,1693.96,1723.96,1725.0,1692.48,2.18,7,2018,-0.0033946567984326492,Slight or No change
331,2018-07-02,1713.78,1682.7,1713.89,1678.06,3.19,7,2018,0.011700394342251341,Slight or No change
332,2018-06-29,1699.8,1717.0,1723.41,1694.32,4.54,6,2018,-0.008157406434898262,Slight or No change
333,2018-06-28,1701.45,1672.54,1705.5,1661.17,4.53,6,2018,0.0009707024355807281,Slight or No change
334,2018-06-27,1660.51,1708.11,1711.95,1660.0,4.87,6,2018,-0.024061829615915853,Slight or No change
335,2018-06-26,1691.09,1672.37,1701.57,1663.34,4.39,6,2018,0.01841602881042559,Slight or No change
336,2018-06-25,1663.15,1702.51,1705.0,1646.31,7.51,6,2018,-0.016521888249590444,Slight or No change
337,2018-06-22,1715.67,1742.62,1743.0,1711.9,4.08,6,2018,0.031578630911222705,Slight or No change
338,2018-06-21,1730.22,1760.0,1763.1,1717.56,4.94,6,2018,0.008480651873612022,Slight or No change
339,2018-06-20,1750.08,1742.5,1762.93,1741.36,4.33,6,2018,0.011478309116759622,Slight or No change
340,2018-06-19,1734.78,1709.04,1736.11,1700.39,4.29,6,2018,-0.008742457487657673,Slight or No change
341,2018-06-18,1723.79,1706.26,1726.74,1702.56,3.11,6,2018,-0.006335097245760313,Slight or No change
342,2018-06-15,1715.97,1714.0,1720.87,1708.52,4.78,6,2018,-0.004536515468821611,Slight or No change
343,2018-06-14,1723.86,1713.48,1724.8,1708.87,3.17,6,2018,0.004597982482211105,Slight or No change
344,2018-06-13,1704.86,1702.81,1713.75,1700.12,3.33,6,2018,-0.011021776710405717,Slight or No change
345,2018-06-12,1698.75,1693.0,1699.51,1691.52,2.26,6,2018,-0.0035838719894888404,Slight or No change
346,2018-06-11,1689.12,1681.51,1694.24,1680.59,2.34,6,2018,-0.005668874172185534,Slight or No change
347,2018-06-08,1683.99,1681.12,1689.44,1673.01,2.96,6,2018,-0.0030370843989768748,Slight or No change
348,2018-06-07,1689.3,1698.56,1699.9,1676.11,3.77,6,2018,0.003153225375447599,Slight or No change
349,2018-06-06,1695.75,1704.51,1714.5,1686.47,5.47,6,2018,0.0038181495293909684,Slight or No change
350,2018-06-05,1696.35,1672.99,1699.0,1670.06,4.78,6,2018,0.0003538257408226553,Slight or No change
351,2018-06-04,1665.27,1648.9,1665.68,1645.49,3.19,6,2018,-0.018321690688831826,Slight or No change
352,2018-06-01,1641.54,1637.03,1646.73,1635.09,3.31,6,2018,-0.014249941450935943,Slight or No change
353,2018-05-31,1629.62,1623.0,1635.0,1621.35,3.17,5,2018,-0.007261473981748923,Slight or No change
354,2018-05-30,1624.89,1618.1,1626.0,1612.93,2.91,5,2018,-0.0029025171512375714,Slight or No change
355,2018-05-29,1612.87,1600.71,1621.79,1600.15,3.85,5,2018,-0.0073974238256129254,Slight or No change
356,2018-05-25,1610.15,1603.0,1614.12,1600.45,2.7,5,2018,-0.0016864347405555202,Slight or No change
357,2018-05-24,1603.07,1598.03,1608.24,1588.38,3.43,5,2018,-0.004397105859702655,Slight or No change
358,2018-05-23,1601.86,1571.05,1601.86,1566.34,3.36,5,2018,-0.0007548017241917337,Slight or No change
359,2018-05-22,1581.4,1589.89,1589.89,1575.25,2.12,5,2018,-0.012772651792291367,Slight or No change
360,2018-05-21,1585.46,1585.0,1592.05,1575.0,2.93,5,2018,0.00256734539016068,Slight or No change
361,2018-05-18,1574.37,1581.33,1583.59,1572.1,2.64,5,2018,-0.006994815384809505,Slight or No change
362,2018-05-17,1581.76,1580.56,1594.04,1573.0,2.15,5,2018,0.00469394106849097,Slight or No change
363,2018-05-16,1587.28,1577.5,1594.43,1576.67,2.57,5,2018,0.0034897835322678095,Slight or No change
364,2018-05-15,1576.12,1587.81,1587.8,1565.22,5.08,5,2018,-0.007030895620180444,Slight or No change
365,2018-05-14,1601.54,1604.0,1611.18,1600.05,2.51,5,2018,0.016128213587798035,Slight or No change
366,2018-05-11,1602.91,1610.99,1611.1,1597.89,2.26,5,2018,0.0008554266518476794,Slight or No change
367,2018-05-10,1609.08,1608.47,1615.6,1603.44,2.82,5,2018,0.00384924917805729,Slight or No change
368,2018-05-09,1608.0,1600.0,1608.0,1592.0,3.64,5,2018,-0.0006711909911253366,Slight or No change
369,2018-05-08,1592.39,1595.0,1596.88,1582.51,3.07,5,2018,-0.009707711442786038,Slight or No change
370,2018-05-07,1600.14,1589.34,1606.95,1587.83,3.8,5,2018,0.004866898184489932,Slight or No change
371,2018-05-04,1580.95,1562.45,1584.9,1562.19,3.44,5,2018,-0.011992700638694176,Slight or No change
372,2018-05-03,1572.08,1560.01,1574.8,1546.02,4.25,5,2018,-0.0056105506182991816,Slight or No change
373,2018-05-02,1569.68,1580.98,1588.5,1566.36,4.36,5,2018,-0.001526639865655599,Slight or No change
374,2018-05-01,1582.26,1563.22,1585.0,1552.18,4.57,5,2018,0.008014372356148991,Slight or No change
375,2018-04-30,1566.13,1582.5,1596.0,1560.94,5.46,4,2018,-0.010194279069179468,Slight or No change
376,2018-04-27,1572.62,1634.01,1638.1,1567.39,13.05,4,2018,0.004143972722570721,Slight or No change
377,2018-04-26,1517.96,1485.01,1529.42,1478.5,8.8,4,2018,-0.03475728402284073,Slight or No change
378,2018-04-25,1460.17,1458.0,1469.99,1415.02,6.59,4,2018,-0.03807083190597904,Slight or No change
379,2018-04-24,1460.09,1535.8,1539.5,1448.45,7.49,4,2018,-5.4788141106931754e-05,Slight or No change
380,2018-04-23,1517.86,1546.69,1548.0,1503.41,4.47,4,2018,0.03956605414734704,Slight or No change
381,2018-04-20,1527.49,1561.2,1561.2,1516.09,5.54,4,2018,0.006344458645725082,Slight or No change
382,2018-04-19,1556.91,1543.22,1568.52,1539.06,6.52,4,2018,0.01926035522327485,Slight or No change
383,2018-04-18,1527.84,1514.65,1533.8,1504.11,5.23,4,2018,-0.018671599514422876,Slight or No change
384,2018-04-17,1503.83,1462.3,1507.19,1457.02,5.11,4,2018,-0.015714996334694753,Slight or No change
385,2018-04-16,1441.5,1445.0,1447.0,1427.48,2.81,4,2018,-0.041447504039685334,Slight or No change
386,2018-04-13,1430.79,1449.13,1459.78,1424.52,3.69,4,2018,-0.0074297606659730064,Slight or No change
387,2018-04-12,1448.5,1439.5,1452.12,1435.06,3.14,4,2018,0.012377777311834759,Slight or No change
388,2018-04-11,1427.05,1439.44,1448.78,1424.89,3.58,4,2018,-0.014808422506040753,Slight or No change
389,2018-04-10,1436.22,1431.99,1438.38,1415.7,4.28,4,2018,0.006425843523352404,Slight or No change
390,2018-04-09,1406.08,1425.03,1438.48,1402.57,4.21,4,2018,-0.020985642868084353,Slight or No change
391,2018-04-06,1405.23,1429.97,1452.5,1400.26,5.88,4,2018,-0.0006045175238961198,Slight or No change
392,2018-04-05,1451.75,1441.99,1459.56,1427.07,6.41,4,2018,0.03310490097706431,Slight or No change
393,2018-04-04,1410.57,1358.24,1415.39,1352.88,6.98,4,2018,-0.028365765455484748,Slight or No change
394,2018-04-03,1392.05,1391.38,1414.0,1355.33,10.23,4,2018,-0.013129444125424494,Slight or No change
395,2018-04-02,1371.99,1417.62,1421.36,1355.0,10.46,4,2018,-0.014410401925218141,Slight or No change
396,2018-03-29,1447.34,1406.0,1455.47,1365.2,12.58,3,2018,0.054920225366074105,Slight or No change
397,2018-03-28,1431.42,1447.0,1455.9,1386.17,13.71,3,2018,-0.010999488717232886,Slight or No change
398,2018-03-27,1497.05,1572.4,1575.96,1482.32,7.0,3,2018,0.04584957594556438,Slight or No change
399,2018-03-26,1555.86,1530.0,1556.99,1499.25,5.62,3,2018,0.03928392505260336,Slight or No change
400,2018-03-23,1495.56,1539.01,1549.02,1495.36,8.01,3,2018,-0.03875670047433566,Slight or No change
401,2018-03-22,1544.92,1565.47,1573.85,1542.4,6.32,3,2018,0.03300435957099701,Slight or No change
402,2018-03-21,1581.86,1586.45,1590.0,1563.17,4.75,3,2018,0.02391062320379045,Slight or No change
403,2018-03-20,1586.51,1550.34,1587.0,1545.41,4.58,3,2018,0.0029395774594465074,Slight or No change
404,2018-03-19,1544.93,1554.53,1561.66,1525.35,6.58,3,2018,-0.026208470164070796,Slight or No change
405,2018-03-16,1571.68,1583.45,1589.44,1567.5,5.43,3,2018,0.01731470034241034,Slight or No change
406,2018-03-15,1582.32,1595.0,1596.91,1578.11,4.07,3,2018,0.0067698259187620735,Slight or No change
407,2018-03-14,1591.0,1597.0,1606.44,1590.89,4.26,3,2018,0.005485616057434584,Slight or No change
408,2018-03-13,1588.18,1615.96,1617.54,1578.01,6.53,3,2018,-0.0017724701445631652,Slight or No change
409,2018-03-12,1598.39,1592.6,1605.33,1586.7,5.17,3,2018,0.006428742333992377,Slight or No change
410,2018-03-09,1578.89,1563.5,1578.94,1559.08,4.53,3,2018,-0.012199776024624742,Slight or No change
411,2018-03-08,1551.86,1550.0,1554.88,1545.25,3.86,3,2018,-0.017119622012933267,Slight or No change
412,2018-03-07,1545.0,1526.52,1545.9,1522.51,4.17,3,2018,-0.004420501849393577,Slight or No change
413,2018-03-06,1537.64,1533.2,1542.13,1528.0,4.56,3,2018,-0.004763754045307378,Slight or No change
414,2018-03-05,1523.61,1494.24,1525.38,1481.0,5.23,3,2018,-0.00912437241486963,Slight or No change
415,2018-03-02,1500.25,1469.1,1501.05,1455.01,6.59,3,2018,-0.015332007534736514,Slight or No change
416,2018-03-01,1493.45,1513.6,1518.49,1465.0,6.84,3,2018,-0.004532577903682666,Slight or No change
417,2018-02-28,1512.45,1519.51,1528.7,1512.0,4.52,2,2018,0.01272222036224857,Slight or No change
418,2018-02-27,1511.98,1524.5,1526.78,1507.21,4.81,2,2018,-0.0003107540745148629,Slight or No change
419,2018-02-26,1521.95,1509.2,1522.84,1507.0,4.95,2,2018,0.006594002566171486,Slight or No change
420,2018-02-23,1500.0,1495.34,1500.0,1486.5,4.42,2,2018,-0.014422287197345507,Slight or No change
421,2018-02-22,1485.34,1495.36,1502.54,1475.76,4.86,2,2018,-0.009773333333333412,Slight or No change
422,2018-02-21,1482.92,1485.0,1503.49,1478.92,6.3,2,2018,-0.001629256601182072,Slight or No change
423,2018-02-20,1468.35,1446.49,1488.77,1446.49,6.5,2,2018,-0.009825209721360695,Slight or No change
424,2018-02-16,1448.69,1457.37,1465.8,1446.56,4.47,2,2018,-0.013389178329417328,Slight or No change
425,2018-02-15,1461.76,1466.89,1468.94,1436.84,5.65,2,2018,0.00902194396316669,Slight or No change
426,2018-02-14,1451.05,1406.25,1452.06,1403.36,5.96,2,2018,-0.007326784150612942,Slight or No change
427,2018-02-13,1414.51,1385.93,1419.72,1383.53,5.92,2,2018,-0.025181764928844608,Slight or No change
428,2018-02-12,1386.23,1364.67,1393.81,1344.01,6.74,2,2018,-0.019992789022346913,Slight or No change
429,2018-02-09,1339.6,1373.49,1383.5,1265.93,14.14,2,2018,-0.03363799658065403,Slight or No change
430,2018-02-08,1350.5,1429.67,1433.75,1349.94,8.58,2,2018,0.00813675724096763,Slight or No change
431,2018-02-07,1416.78,1449.0,1460.99,1415.15,7.16,2,2018,0.04907811921510552,Slight or No change
432,2018-02-06,1442.84,1361.46,1443.99,1351.79,11.07,2,2018,0.018393822611838084,Slight or No change
433,2018-02-05,1390.0,1402.62,1458.98,1320.72,11.49,2,2018,-0.03662221729367077,Slight or No change
434,2018-02-02,1429.95,1477.39,1498.0,1414.0,11.13,2,2018,0.02874100719424466,Slight or No change
435,2018-02-01,1390.0,1445.0,1459.88,1385.14,9.11,2,2018,-0.027938039791601144,Slight or No change
436,2018-01-31,1450.89,1451.3,1472.58,1450.04,6.42,1,2018,0.04380575539568343,Slight or No change
437,2018-01-30,1437.82,1403.17,1439.25,1392.0,5.87,1,2018,-0.009008263893196755,Slight or No change
438,2018-01-29,1417.68,1409.18,1431.39,1400.44,5.7,1,2018,-0.014007316632123512,Slight or No change
439,2018-01-26,1402.05,1392.01,1402.53,1380.91,4.86,1,2018,-0.011025055019468488,Slight or No change
440,2018-01-25,1377.95,1368.0,1378.34,1357.62,4.75,1,2018,-0.017189115937377375,Slight or No change
441,2018-01-24,1357.51,1374.82,1388.16,1338.0,6.81,1,2018,-0.014833629667259318,Slight or No change
442,2018-01-23,1362.54,1338.09,1364.9,1337.34,5.17,1,2018,0.003705313404689381,Slight or No change
443,2018-01-22,1327.31,1297.17,1327.45,1296.66,4.14,1,2018,-0.02585612165514406,Slight or No change
444,2018-01-19,1294.58,1312.0,1313.0,1292.99,4.58,1,2018,-0.024658896565233457,Slight or No change
445,2018-01-18,1293.32,1293.95,1304.6,1284.02,4.03,1,2018,-0.0009732886341515812,Slight or No change
446,2018-01-17,1295.0,1312.24,1314.0,1280.88,5.25,1,2018,0.0012989824637368308,Slight or No change
447,2018-01-16,1304.86,1323.0,1339.94,1292.3,7.22,1,2018,0.007613899613899466,Slight or No change
448,2018-01-12,1305.2,1273.39,1305.76,1273.39,5.44,1,2018,0.0002605643517312739,Slight or No change
449,2018-01-11,1276.68,1259.74,1276.77,1256.46,3.13,1,2018,-0.021851057309224653,Slight or No change
450,2018-01-10,1254.33,1245.15,1254.33,1237.23,2.69,1,2018,-0.01750634458125777,Slight or No change
451,2018-01-09,1252.7,1256.9,1259.33,1241.76,3.66,1,2018,-0.001299498537067456,Slight or No change
452,2018-01-08,1246.87,1236.0,1253.08,1232.03,4.28,1,2018,-0.004653947473457487,Slight or No change
453,2018-01-05,1229.14,1217.51,1229.14,1210.0,3.54,1,2018,-0.014219605893156295,Slight or No change
454,2018-01-04,1209.59,1205.0,1215.87,1204.66,3.02,1,2018,-0.0159054298127147,Slight or No change
455,2018-01-03,1204.2,1188.3,1205.49,1188.3,3.11,1,2018,-0.004456055357600408,Slight or No change
456,2018-01-02,1189.01,1172.0,1190.0,1170.51,2.69,1,2018,-0.012614183690416891,Slight or No change
457,2017-12-29,1169.47,1182.35,1184.0,1167.5,2.69,12,2017,-0.01643383991724201,Slight or No change
458,2017-12-28,1186.1,1189.0,1190.1,1184.38,1.84,12,2017,0.014220116805048422,Slight or No change
459,2017-12-27,1182.26,1179.91,1187.29,1175.61,1.87,12,2017,-0.0032375010538739923,Slight or No change
460,2017-12-26,1176.76,1168.36,1178.32,1160.55,2.01,12,2017,-0.004652106981543835,Slight or No change
461,2017-12-22,1168.36,1172.08,1174.62,1167.83,1.59,12,2017,-0.007138243991978044,Slight or No change
462,2017-12-21,1174.76,1175.9,1179.17,1167.64,2.12,12,2017,0.0054777637029683746,Slight or No change
463,2017-12-20,1177.62,1190.5,1191.0,1176.0,2.37,12,2017,0.002434539820899584,Slight or No change
464,2017-12-19,1187.38,1189.15,1192.97,1179.14,2.59,12,2017,0.008287902719043672,Slight or No change
465,2017-12-18,1190.58,1187.37,1194.78,1180.91,2.95,12,2017,0.0026950091798749742,Slight or No change
466,2017-12-15,1179.14,1179.03,1182.75,1169.33,4.78,12,2017,-0.009608762115943303,Slight or No change
467,2017-12-14,1174.26,1163.71,1177.93,1162.45,3.21,12,2017,-0.004138609495055845,Slight or No change
468,2017-12-13,1164.13,1170.0,1170.87,1160.27,2.62,12,2017,-0.008626709587314485,Slight or No change
469,2017-12-12,1165.08,1166.51,1173.6,1161.61,2.24,12,2017,0.0008160600620203962,Slight or No change
470,2017-12-11,1168.92,1164.6,1169.9,1157.0,2.36,12,2017,0.003295911010402941,Slight or No change
471,2017-12-08,1162.0,1170.4,1172.79,1157.1,3.05,12,2017,-0.005919994524860583,Slight or No change
472,2017-12-07,1159.79,1156.59,1163.19,1151.0,2.51,12,2017,-0.0019018932874355077,Slight or No change
473,2017-12-06,1152.35,1137.99,1155.89,1136.08,2.85,12,2017,-0.006414954431405717,Slight or No change
474,2017-12-05,1141.57,1128.26,1159.27,1124.74,4.08,12,2017,-0.009354796719746594,Slight or No change
475,2017-12-04,1133.95,1173.85,1175.2,1128.0,5.93,12,2017,-0.0066750177387281395,Slight or No change
476,2017-12-01,1162.35,1172.05,1179.65,1152.0,4.11,12,2017,0.025045195996296066,Slight or No change
477,2017-11-30,1176.75,1167.1,1178.57,1160.0,4.51,11,2017,0.012388695315524556,Slight or No change
478,2017-11-29,1161.27,1194.8,1194.8,1145.19,9.26,11,2017,-0.013154875717017234,Slight or No change
479,2017-11-28,1193.6,1204.88,1205.34,1188.52,4.56,11,2017,0.027840209425887164,Slight or No change
480,2017-11-27,1195.83,1202.66,1213.41,1191.15,6.74,11,2017,0.0018682975871313623,Slight or No change
481,2017-11-24,1186.0,1160.7,1186.84,1160.7,3.53,11,2017,-0.008220231972771996,Slight or No change
482,2017-11-22,1156.16,1141.0,1160.27,1141.0,3.56,11,2017,-0.025160202360876793,Slight or No change
483,2017-11-21,1139.49,1132.86,1140.0,1128.2,2.48,11,2017,-0.014418419595903731,Slight or No change
484,2017-11-20,1126.31,1129.77,1133.42,1122.55,2.16,11,2017,-0.011566578030522523,Slight or No change
485,2017-11-17,1129.88,1138.28,1138.8,1125.81,2.41,11,2017,0.0031696424607792206,Slight or No change
486,2017-11-16,1137.29,1130.16,1138.16,1130.05,2.21,11,2017,0.006558218571883545,Slight or No change
487,2017-11-15,1126.69,1127.01,1131.75,1121.63,3.93,11,2017,-0.009320402008282769,Slight or No change
488,2017-11-14,1136.84,1130.11,1138.0,1123.89,3.14,11,2017,0.0090086891691592,Slight or No change
489,2017-11-13,1129.17,1123.0,1139.9,1122.34,2.92,11,2017,-0.006746771753280867,Slight or No change
490,2017-11-10,1125.35,1126.1,1131.75,1124.06,2.18,11,2017,-0.0033830158434957625,Slight or No change
491,2017-11-09,1129.13,1125.96,1129.62,1115.77,3.73,11,2017,0.003358954991780516,Slight or No change
492,2017-11-08,1132.88,1122.82,1135.54,1119.11,2.58,11,2017,0.003321141055502963,Slight or No change
493,2017-11-07,1123.17,1124.74,1130.6,1117.5,2.69,11,2017,-0.008571075489019142,Slight or No change
494,2017-11-06,1120.66,1109.15,1125.41,1108.77,3.38,11,2017,-0.0022347462984232402,Slight or No change
495,2017-11-03,1111.6,1091.15,1112.68,1088.52,3.75,11,2017,-0.008084521621187668,Slight or No change
496,2017-11-02,1094.22,1097.81,1101.93,1086.87,3.68,11,2017,-0.015635120546959258,Slight or No change
497,2017-11-01,1103.68,1105.4,1108.97,1096.74,3.76,11,2017,0.008645427793313898,Slight or No change
498,2017-10-31,1105.28,1109.0,1110.54,1101.12,3.48,10,2017,0.0014496955639315967,Slight or No change
499,2017-10-30,1110.85,1095.01,1122.79,1093.56,6.61,10,2017,0.005039447017950227,Slight or No change
500,2017-10-27,1100.95,1058.14,1105.58,1050.55,16.57,10,2017,-0.00891209434217033,Slight or No change
501,2017-10-26,972.43,980.33,982.9,968.55,5.62,10,2017,-0.116735546573414,Slight or No change
502,2017-10-25,972.91,978.0,984.44,966.24,3.03,10,2017,0.0004936087944633627,Slight or No change
